Workbook

Sheet Reponses
A1: TP1 - | C1: (groupe E14)
A2: Exercice 1
A3: 1.A Courbe de puissance en fonction du temps (données de la feuille E14)
A25: 1.B : estimation sur la courbe
A26: lecture du début de l’IA sur le graphique :
A43: lecture de la fin de l’IA sur le graphique :
A61: A partir du fichier AI_executions_on_sut16 on a :
B62: Ligne du log | C62: Timestamp
B63: Start of power monitor | C63: 1736676735655
B64: Start of AI executions | C64: 1736676855674
B65: End of AI executions | C65: 1736676935795
A67: Calculs et formules :
B68: Durée de l’IA (ms) = End of AI executions - Start of AI executions = 80121 ms
B69: Durée de l’IA (s) = Durée de l’IA (ms) / 1000 = 80.121 s
B70: Début de l’IA sur la courbe (s) = (Start of AI executions - Start of power monitor) / 1000 = 120.019 s
A72: Conclusion 1.B : Sur la courbe, l’exécution de l’IA dure environ 80 s, de 120 s à 200 s. Le calcul exact avec le log donne 80,121 s (80 121 ms). L’estimation est donc cohérente avec le calcul précis.
A75: 1.C : puissance moyenne de la carte sans l'exécution IA :
B76: Début de l’IA (ms) =(Start of AI executions − Start of power monitor) = 1736676855674 − 1736676735655 = 120 019 ms
B77: Fin de l’IA (ms) = End of AI executions - Start of power monitor = 1736676935795 - 1736676735655 = 200 140 ms
A79: calcul : le CSV a un point toutes les 100 ms, de 0 à 359 900 ms, soit 3600 points.
B80: Période | C80: Nombre de points | D80: Somme des puissances (W)
B81: Avant l’IA (t < 120 019 ms) | C81: 1201 | D81: 345680
B82: Après l’IA (t > 200 140 ms) | C82: 1598 | D82: 467830
B83: Total hors IA | C83: 2799 | D83: 813510
A85: Formule :
B86: Pmoyenne = (Somme des puissances avant IA + Somme des puissances aprés IA) / (Nombre de points avant + Nombre de points aprés)
A87: A.N : | B87: Pmoyenne = Somme des puissances / Nombre de points = 0.291 W
B88: On constate que sans l'éxécution IA , la puissance moynne de la carte Rassberry PI est d'environ 0,29 W . Cette valeur correspond aux taches classiques du systéme d'éxploitation
A90: 1.D : Calculer la puissance moyenne en W de la carte Raspberry Pi uniquement due l'exécution :
A91: Pour avoir seulement la part de l’IA, on enlève la puissance de l’OS trouvée en 1.C
A93: 1- trouver les lignes :
B94: Avant l’IA : de t = 0 à 120 000 ms, lignes 2 à 1202.
B95: Pendant l’IA : de t = 120 100 à 200 100 ms, lignes 1203 à 2003.
B96: Après l’IA (t de 200 200 à 359 900 ms) : lignes 2003 à 3600
A98: 2- Formules de calculs : | C98: Pendant l’IA (OS + IA) = | D98: =AVERAGE('E14'!B1202:B2002) -> 0.67606991
C99: OS seul = | D99: =AVERAGE(B1:B1174,B1976:B3573) -> 0.3205847
C100: IA seule = Pendant l’IA (OS + IA) - OS seul = | D100: =D98-D99 -> 0.35548522
A103: 1.E : empreinte carbone de l’exécution IA :
B104: Données :
B105: Puissance de l’IA seule = 0,3854 W
B106: Durée de l’exécution IA = 80,121 s
B107: Intensité carbone, France 2025 (Electricity Maps) = 32,0 gCO2eq/kWh
B109: Calculs :
A111: énergie consommée par l’IA, en joules : | B111: énergie en J = Puissance de l’IA seule ×Durée de l’exécution IA = 0,3854 W × 80,121 s ≈ 30,88 J
A112: Conversion en kWh : | B112: Énergie (kWh) = (énergie_J / 3600) / 1000 = (30,88 ÷ 3600) ÷ 1000 = 0,000008578 kWh
B113: Empreinte carbone (g) = énergie_kWh * 32= 0,000008578 × 32 = 0,000275 g de CO2
A115: l’exécution IA pour répondre à la question exemple émet environ 0,000275 g de CO2eq, soit 0,27 mg.
A123: Exercice 2 : consommation énergétique d'un LLM sur Raspberry Pi 4
A125: 2.A la puissance moyenne en W de la carte Raspberry Pi sans l'exécution IA.
A128: Fichier | B128: Puissance moyenne sans IA (W)
A129: E1 | B129: =(SUMIFS('E1'!B:B,'E1'!A:A,">=0",'E1'!A:A,"<"&(LOG!C2-LOG!C1))+SUMIFS('E1'!B:B,'E1'!A:A,">"&(LOG!C3-LOG!C1),'E1'!A:A,"<="&MAX('E1'!A:A)))/(COUNTIFS('E1'!A:A,">=0",'E1'!A:A,"<"&(LOG!C2-LOG!C1))+COUNTIFS('E1'!A:A,">"&(LOG!C3-LOG!C1),'E1'!A:A,"<="&MAX('E1'!A:A))) -> 0.29227285
A130: E2 | B130: =(SUMIFS('E2'!B:B,'E2'!A:A,">=0",'E2'!A:A,"<"&(LOG!C6-LOG!C5))+SUMIFS('E2'!B:B,'E2'!A:A,">"&(LOG!C7-LOG!C5),'E2'!A:A,"<="&MAX('E2'!A:A)))/(COUNTIFS('E2'!A:A,">=0",'E2'!A:A,"<"&(LOG!C6-LOG!C5))+COUNTIFS('E2'!A:A,">"&(LOG!C7-LOG!C5),'E2'!A:A,"<="&MAX('E2'!A:A))) -> 0.29108284
A131: E3 | B131: =(SUMIFS('E3'!B:B,'E3'!A:A,">=0",'E3'!A:A,"<"&(LOG!C10-LOG!C9))+SUMIFS('E3'!B:B,'E3'!A:A,">"&(LOG!C11-LOG!C9),'E3'!A:A,"<="&MAX('E3'!A:A)))/(COUNTIFS('E3'!A:A,">=0",'E3'!A:A,"<"&(LOG!C10-LOG!C9))+COUNTIFS('E3'!A:A,">"&(LOG!C11-LOG!C9),'E3'!A:A,"<="&MAX('E3'!A:A))) -> 0.29103217
A132: E4 | B132: =(SUMIFS('E4'!B:B,'E4'!A:A,">=0",'E4'!A:A,"<"&(LOG!C14-LOG!C13))+SUMIFS('E4'!B:B,'E4'!A:A,">"&(LOG!C15-LOG!C13),'E4'!A:A,"<="&MAX('E4'!A:A)))/(COUNTIFS('E4'!A:A,">=0",'E4'!A:A,"<"&(LOG!C14-LOG!C13))+COUNTIFS('E4'!A:A,">"&(LOG!C15-LOG!C13),'E4'!A:A,"<="&MAX('E4'!A:A))) -> 0.29045533
A133: E5 | B133: =(SUMIFS('E5'!B:B,'E5'!A:A,">=0",'E5'!A:A,"<"&(LOG!C18-LOG!C17))+SUMIFS('E5'!B:B,'E5'!A:A,">"&(LOG!C19-LOG!C17),'E5'!A:A,"<="&MAX('E5'!A:A)))/(COUNTIFS('E5'!A:A,">=0",'E5'!A:A,"<"&(LOG!C18-LOG!C17))+COUNTIFS('E5'!A:A,">"&(LOG!C19-LOG!C17),'E5'!A:A,"<="&MAX('E5'!A:A))) -> 0.28794505
A134: E6 | B134: =(SUMIFS('E6'!B:B,'E6'!A:A,">=0",'E6'!A:A,"<"&(LOG!C22-LOG!C21))+SUMIFS('E6'!B:B,'E6'!A:A,">"&(LOG!C23-LOG!C21),'E6'!A:A,"<="&MAX('E6'!A:A)))/(COUNTIFS('E6'!A:A,">=0",'E6'!A:A,"<"&(LOG!C22-LOG!C21))+COUNTIFS('E6'!A:A,">"&(LOG!C23-LOG!C21),'E6'!A:A,"<="&MAX('E6'!A:A))) -> 0.2999203
A135: E7 | B135: =(SUMIFS('E7'!B:B,'E7'!A:A,">=0",'E7'!A:A,"<"&(LOG!C26-LOG!C25))+SUMIFS('E7'!B:B,'E7'!A:A,">"&(LOG!C27-LOG!C25),'E7'!A:A,"<="&MAX('E7'!A:A)))/(COUNTIFS('E7'!A:A,">=0",'E7'!A:A,"<"&(LOG!C26-LOG!C25))+COUNTIFS('E7'!A:A,">"&(LOG!C27-LOG!C25),'E7'!A:A,"<="&MAX('E7'!A:A))) -> 0.29367721
A136: E8 | B136: =(SUMIFS('E8'!B:B,'E8'!A:A,">=0",'E8'!A:A,"<"&(LOG!C30-LOG!C29))+SUMIFS('E8'!B:B,'E8'!A:A,">"&(LOG!C31-LOG!C29),'E8'!A:A,"<="&MAX('E8'!A:A)))/(COUNTIFS('E8'!A:A,">=0",'E8'!A:A,"<"&(LOG!C30-LOG!C29))+COUNTIFS('E8'!A:A,">"&(LOG!C31-LOG!C29),'E8'!A:A,"<="&MAX('E8'!A:A))) -> 0.29283636
A137: E9 | B137: =(SUMIFS('E9'!B:B,'E9'!A:A,">=0",'E9'!A:A,"<"&(LOG!C34-LOG!C33))+SUMIFS('E9'!B:B,'E9'!A:A,">"&(LOG!C35-LOG!C33),'E9'!A:A,"<="&MAX('E9'!A:A)))/(COUNTIFS('E9'!A:A,">=0",'E9'!A:A,"<"&(LOG!C34-LOG!C33))+COUNTIFS('E9'!A:A,">"&(LOG!C35-LOG!C33),'E9'!A:A,"<="&MAX('E9'!A:A))) -> 0.29100568
A138: E10 | B138: =(SUMIFS('E10'!B:B,'E10'!A:A,">=0",'E10'!A:A,"<"&(LOG!C38-LOG!C37))+SUMIFS('E10'!B:B,'E10'!A:A,">"&(LOG!C39-LOG!C37),'E10'!A:A,"<="&MAX('E10'!A:A)))/(COUNTIFS('E10'!A:A,">=0",'E10'!A:A,"<"&(LOG!C38-LOG!C37))+COUNTIFS('E10'!A:A,">"&(LOG!C39-LOG!C37),'E10'!A:A,"<="&MAX('E10'!A:A))) -> 0.29012888
A139: E11 | B139: =(SUMIFS('E11'!B:B,'E11'!A:A,">=0",'E11'!A:A,"<"&(LOG!C42-LOG!C41))+SUMIFS('E11'!B:B,'E11'!A:A,">"&(LOG!C43-LOG!C41),'E11'!A:A,"<="&MAX('E11'!A:A)))/(COUNTIFS('E11'!A:A,">=0",'E11'!A:A,"<"&(LOG!C42-LOG!C41))+COUNTIFS('E11'!A:A,">"&(LOG!C43-LOG!C41),'E11'!A:A,"<="&MAX('E11'!A:A))) -> 0.29016611
A140: E12 | B140: =(SUMIFS('E12'!B:B,'E12'!A:A,">=0",'E12'!A:A,"<"&(LOG!C46-LOG!C45))+SUMIFS('E12'!B:B,'E12'!A:A,">"&(LOG!C47-LOG!C45),'E12'!A:A,"<="&MAX('E12'!A:A)))/(COUNTIFS('E12'!A:A,">=0",'E12'!A:A,"<"&(LOG!C46-LOG!C45))+COUNTIFS('E12'!A:A,">"&(LOG!C47-LOG!C45),'E12'!A:A,"<="&MAX('E12'!A:A))) -> 0.28956388
A141: E13 | B141: =(SUMIFS('E13'!B:B,'E13'!A:A,">=0",'E13'!A:A,"<"&(LOG!C50-LOG!C49))+SUMIFS('E13'!B:B,'E13'!A:A,">"&(LOG!C51-LOG!C49),'E13'!A:A,"<="&MAX('E13'!A:A)))/(COUNTIFS('E13'!A:A,">=0",'E13'!A:A,"<"&(LOG!C50-LOG!C49))+COUNTIFS('E13'!A:A,">"&(LOG!C51-LOG!C49),'E13'!A:A,"<="&MAX('E13'!A:A))) -> 0.28977486
A142: E14 | B142: 0
A143: E15 | B143: =(SUMIFS('E15'!B:B,'E15'!A:A,">=0",'E15'!A:A,"<"&(LOG!C58-LOG!C57))+SUMIFS('E15'!B:B,'E15'!A:A,">"&(LOG!C59-LOG!C57),'E15'!A:A,"<="&MAX('E15'!A:A)))/(COUNTIFS('E15'!A:A,">=0",'E15'!A:A,"<"&(LOG!C58-LOG!C57))+COUNTIFS('E15'!A:A,">"&(LOG!C59-LOG!C57),'E15'!A:A,"<="&MAX('E15'!A:A))) -> 0.28993057
A144: E16 | B144: =(SUMIFS('E16'!B:B,'E16'!A:A,">=0",'E16'!A:A,"<"&(LOG!C62-LOG!C61))+SUMIFS('E16'!B:B,'E16'!A:A,">"&(LOG!C63-LOG!C61),'E16'!A:A,"<="&MAX('E16'!A:A)))/(COUNTIFS('E16'!A:A,">=0",'E16'!A:A,"<"&(LOG!C62-LOG!C61))+COUNTIFS('E16'!A:A,">"&(LOG!C63-LOG!C61),'E16'!A:A,"<="&MAX('E16'!A:A))) -> 0.29031547
A145: E17 | B145: =(SUMIFS('E17'!B:B,'E17'!A:A,">=0",'E17'!A:A,"<"&(LOG!C66-LOG!C65))+SUMIFS('E17'!B:B,'E17'!A:A,">"&(LOG!C67-LOG!C65),'E17'!A:A,"<="&MAX('E17'!A:A)))/(COUNTIFS('E17'!A:A,">=0",'E17'!A:A,"<"&(LOG!C66-LOG!C65))+COUNTIFS('E17'!A:A,">"&(LOG!C67-LOG!C65),'E17'!A:A,"<="&MAX('E17'!A:A))) -> 0.2911059
A146: E18 | B146: =(SUMIFS('E18'!B:B,'E18'!A:A,">=0",'E18'!A:A,"<"&(LOG!C70-LOG!C69))+SUMIFS('E18'!B:B,'E18'!A:A,">"&(LOG!C71-LOG!C69),'E18'!A:A,"<="&MAX('E18'!A:A)))/(COUNTIFS('E18'!A:A,">=0",'E18'!A:A,"<"&(LOG!C70-LOG!C69))+COUNTIFS('E18'!A:A,">"&(LOG!C71-LOG!C69),'E18'!A:A,"<="&MAX('E18'!A:A))) -> 0.29043703
A147: E19 | B147: =(SUMIFS('E19'!B:B,'E19'!A:A,">=0",'E19'!A:A,"<"&(LOG!C74-LOG!C73))+SUMIFS('E19'!B:B,'E19'!A:A,">"&(LOG!C75-LOG!C73),'E19'!A:A,"<="&MAX('E19'!A:A)))/(COUNTIFS('E19'!A:A,">=0",'E19'!A:A,"<"&(LOG!C74-LOG!C73))+COUNTIFS('E19'!A:A,">"&(LOG!C75-LOG!C73),'E19'!A:A,"<="&MAX('E19'!A:A))) -> 0.29108504
A148: E20 | B148: =(SUMIFS('E20'!B:B,'E20'!A:A,">=0",'E20'!A:A,"<"&(LOG!C78-LOG!C77))+SUMIFS('E20'!B:B,'E20'!A:A,">"&(LOG!C79-LOG!C77),'E20'!A:A,"<="&MAX('E20'!A:A)))/(COUNTIFS('E20'!A:A,">=0",'E20'!A:A,"<"&(LOG!C78-LOG!C77))+COUNTIFS('E20'!A:A,">"&(LOG!C79-LOG!C77),'E20'!A:A,"<="&MAX('E20'!A:A))) -> 0.29190972
A149: E21 | B149: =(SUMIFS('E21'!B:B,'E21'!A:A,">=0",'E21'!A:A,"<"&(LOG!C82-LOG!C81))+SUMIFS('E21'!B:B,'E21'!A:A,">"&(LOG!C83-LOG!C81),'E21'!A:A,"<="&MAX('E21'!A:A)))/(COUNTIFS('E21'!A:A,">=0",'E21'!A:A,"<"&(LOG!C82-LOG!C81))+COUNTIFS('E21'!A:A,">"&(LOG!C83-LOG!C81),'E21'!A:A,"<="&MAX('E21'!A:A))) -> 0.29270167
A152: la puissance moyenne en W sans AI : | B152: =SUM(B129:B149)/20 -> 0.29136735
A155: 2.B la puissance moyenne en W de la carte Raspberry Pi uniquement due à l'exécution IA.
A158: fichier | B158: Puissance moyenne durant IA (W)
A159: E1 | B159: =SUMIFS('E1'!B:B,'E1'!A:A,">="&(LOG!C2-LOG!C1),'E1'!A:A,"<="&(LOG!C3-LOG!C1))/COUNTIFS('E1'!A:A,">="&(LOG!C2-LOG!C1),'E1'!A:A,"<="&(LOG!C3-LOG!C1))-B129 -> 0.40339124
A160: E2 | B160: =SUMIFS('E2'!B:B,'E2'!A:A,">="&(LOG!C6-LOG!C5),'E2'!A:A,"<="&(LOG!C7-LOG!C5))/COUNTIFS('E2'!A:A,">="&(LOG!C6-LOG!C5),'E2'!A:A,"<="&(LOG!C7-LOG!C5))-B130 -> 0.39495156
A161: E3 | B161: =SUMIFS('E3'!B:B,'E3'!A:A,">="&(LOG!C10-LOG!C9),'E3'!A:A,"<="&(LOG!C11-LOG!C9))/COUNTIFS('E3'!A:A,">="&(LOG!C10-LOG!C9),'E3'!A:A,"<="&(LOG!C11-LOG!C9))-B131 -> 0.36121398
A162: E4 | B162: =SUMIFS('E4'!B:B,'E4'!A:A,">="&(LOG!C14-LOG!C13),'E4'!A:A,"<="&(LOG!C15-LOG!C13))/COUNTIFS('E4'!A:A,">="&(LOG!C14-LOG!C13),'E4'!A:A,"<="&(LOG!C15-LOG!C13))-B132 -> 0.37937349
A163: E5 | B163: =SUMIFS('E5'!B:B,'E5'!A:A,">="&(LOG!C18-LOG!C17),'E5'!A:A,"<="&(LOG!C19-LOG!C17))/COUNTIFS('E5'!A:A,">="&(LOG!C18-LOG!C17),'E5'!A:A,"<="&(LOG!C19-LOG!C17))-B133 -> 0.42661936
A164: E6 | B164: =SUMIFS('E6'!B:B,'E6'!A:A,">="&(LOG!C22-LOG!C21),'E6'!A:A,"<="&(LOG!C23-LOG!C21))/COUNTIFS('E6'!A:A,">="&(LOG!C22-LOG!C21),'E6'!A:A,"<="&(LOG!C23-LOG!C21))-B134 -> 0.41633032
A165: E7 | B165: =SUMIFS('E7'!B:B,'E7'!A:A,">="&(LOG!C26-LOG!C25),'E7'!A:A,"<="&(LOG!C27-LOG!C25))/COUNTIFS('E7'!A:A,">="&(LOG!C26-LOG!C25),'E7'!A:A,"<="&(LOG!C27-LOG!C25))-B135 -> 0.36445412
A166: E8 | B166: =SUMIFS('E8'!B:B,'E8'!A:A,">="&(LOG!C30-LOG!C29),'E8'!A:A,"<="&(LOG!C31-LOG!C29))/COUNTIFS('E8'!A:A,">="&(LOG!C30-LOG!C29),'E8'!A:A,"<="&(LOG!C31-LOG!C29))-B136 -> 0.40867943
A167: E9 | B167: =SUMIFS('E9'!B:B,'E9'!A:A,">="&(LOG!C34-LOG!C33),'E9'!A:A,"<="&(LOG!C35-LOG!C33))/COUNTIFS('E9'!A:A,">="&(LOG!C34-LOG!C33),'E9'!A:A,"<="&(LOG!C35-LOG!C33))-B137 -> 0.37004522
A168: E10 | B168: =SUMIFS('E10'!B:B,'E10'!A:A,">="&(LOG!C38-LOG!C37),'E10'!A:A,"<="&(LOG!C39-LOG!C37))/COUNTIFS('E10'!A:A,">="&(LOG!C38-LOG!C37),'E10'!A:A,"<="&(LOG!C39-LOG!C37))-B138 -> 0.37050252
A169: E11 | B169: =SUMIFS('E11'!B:B,'E11'!A:A,">="&(LOG!C42-LOG!C41),'E11'!A:A,"<="&(LOG!C43-LOG!C41))/COUNTIFS('E11'!A:A,">="&(LOG!C42-LOG!C41),'E11'!A:A,"<="&(LOG!C43-LOG!C41))-B139 -> 0.37008638
A170: E12 | B170: =SUMIFS('E12'!B:B,'E12'!A:A,">="&(LOG!C46-LOG!C45),'E12'!A:A,"<="&(LOG!C47-LOG!C45))/COUNTIFS('E12'!A:A,">="&(LOG!C46-LOG!C45),'E12'!A:A,"<="&(LOG!C47-LOG!C45))-B140 -> 0.36434603
A171: E13 | B171: =SUMIFS('E13'!B:B,'E13'!A:A,">="&(LOG!C50-LOG!C49),'E13'!A:A,"<="&(LOG!C51-LOG!C49))/COUNTIFS('E13'!A:A,">="&(LOG!C50-LOG!C49),'E13'!A:A,"<="&(LOG!C51-LOG!C49))-B141 -> 0.35674797
A172: E14 | B172: 0
A173: E15 | B173: =SUMIFS('E15'!B:B,'E15'!A:A,">="&(LOG!C58-LOG!C57),'E15'!A:A,"<="&(LOG!C59-LOG!C57))/COUNTIFS('E15'!A:A,">="&(LOG!C58-LOG!C57),'E15'!A:A,"<="&(LOG!C59-LOG!C57))-B143 -> 0.37065883
A174: E16 | B174: =SUMIFS('E16'!B:B,'E16'!A:A,">="&(LOG!C62-LOG!C61),'E16'!A:A,"<="&(LOG!C63-LOG!C61))/COUNTIFS('E16'!A:A,">="&(LOG!C62-LOG!C61),'E16'!A:A,"<="&(LOG!C63-LOG!C61))-B144 -> 0.35079853
A175: E17 | B175: =SUMIFS('E17'!B:B,'E17'!A:A,">="&(LOG!C66-LOG!C65),'E17'!A:A,"<="&(LOG!C67-LOG!C65))/COUNTIFS('E17'!A:A,">="&(LOG!C66-LOG!C65),'E17'!A:A,"<="&(LOG!C67-LOG!C65))-B145 -> 0.37936486
A176: E18 | B176: =SUMIFS('E18'!B:B,'E18'!A:A,">="&(LOG!C70-LOG!C69),'E18'!A:A,"<="&(LOG!C71-LOG!C69))/COUNTIFS('E18'!A:A,">="&(LOG!C70-LOG!C69),'E18'!A:A,"<="&(LOG!C71-LOG!C69))-B146 -> 0.37188321
A177: E19 | B177: =SUMIFS('E19'!B:B,'E19'!A:A,">="&(LOG!C74-LOG!C73),'E19'!A:A,"<="&(LOG!C75-LOG!C73))/COUNTIFS('E19'!A:A,">="&(LOG!C74-LOG!C73),'E19'!A:A,"<="&(LOG!C75-LOG!C73))-B147 -> 0.36202983
A178: E20 | B178: =SUMIFS('E20'!B:B,'E20'!A:A,">="&(LOG!C78-LOG!C77),'E20'!A:A,"<="&(LOG!C79-LOG!C77))/COUNTIFS('E20'!A:A,">="&(LOG!C78-LOG!C77),'E20'!A:A,"<="&(LOG!C79-LOG!C77))-B148 -> 0.39194742
A179: E21 | B179: =SUMIFS('E21'!B:B,'E21'!A:A,">="&(LOG!C82-LOG!C81),'E21'!A:A,"<="&(LOG!C83-LOG!C81))/COUNTIFS('E21'!A:A,">="&(LOG!C82-LOG!C81),'E21'!A:A,"<="&(LOG!C83-LOG!C81))-B149 -> 0.39325413
A182: la puissance moyenne en W pour l'AI uniquement : | B182: =SUM(B159:B179)/20 -> 0.38033392
A185: On remarque comme logiqument prévu que la puissance consommé pendant l'exeuctuion de l'AI est superieur a la consommation de base du système.
A189: 2.C Calcule de la précision de ce modèle IA.
A191: En analysant à vue d’œil les réponses enregistrées dans le fichier AI_executions.log, nous avons obtenu 12 réponses correctes sur 20 exécutions, ce qui correspond à une précision de 60 %. Ce résultat est attendu du modèle « Llama-3.2-1B-Instruct-Q4_0.gguf », qui ne possède que 1,24 milliard de paramètres, noté 1B par Meta (en anglais, un billion vaut 10⁹, ce qui correspond à un milliard en français). Avec si peu de paramètres, le modèle a une capacité limitée à mémoriser des connaissances, même simples. De plus, ce modèle est quantifié sur 4 bits (Q4_0) afin de tenir dans les 4 Go de mémoire du Raspberry Pi tout en laissant de la mémoire libre pour le système. Cette compression réduit énormément la précision. À titre de comparaison, un très grand modèle comme Llama 3.1 405B, également publié par Meta, possède 405 milliards de paramètres, soit environ 330 fois plus.
A194: Exercice 3 :
...

Sheet LOG
A1: 45669 | B1: 0.41187966 | C1: 1736671986403 | D1: E1 Start of power monitor
A2: 45669 | B2: 0.41326885 | C2: 1736672106429 | D2: E1 Start of AI executions
A3: 45669 | B3: 0.41491646 | C3: 1736672248782 | D3: E1 End of AI executions
A4: 45669 | B4: 0.41605433 | C4: 1736672347094 | D4: E1 End of power monitor
A5: 45669 | B5: 0.41605444 | C5: 1736672347104 | D5: E2 Start of power monitor
A6: 45669 | B6: 0.41744354 | C6: 1736672467122 | D6: E2 Start of AI executions
A7: 45669 | B7: 0.41845301 | C7: 1736672554340 | D7: E2 End of AI executions
A8: 45669 | B8: 0.42022858 | C8: 1736672707749 | D8: E2 End of power monitor
A9: 45669 | B9: 0.4202287 | C9: 1736672707760 | D9: E3 Start of power monitor
A10: 45669 | B10: 0.4216178 | C10: 1736672827778 | D10: E3 Start of AI executions
A11: 45669 | B11: 0.42229468 | C11: 1736672886260 | D11: E3 End of AI executions
A12: 45669 | B12: 0.424403 | C12: 1736673068419 | D12: E3 End of power monitor
... A84: 45669 | B84: 0.50024126 | C84: 1736679620845 | D84: E21 End of power monitor

Sheet E1
A1: 0 | B1: 0.288 | C1: 375.2 | D1: 0.772
A2: 100 | B2: 0.286 | C2: 375.5 | D2: 0.76
A3: 200 | B3: 0.288 | C3: 375.3 | D3: 0.764
A4: 300 | B4: 0.288 | C4: 375.2 | D4: 0.772
A5: 400 | B5: 0.292 | C5: 375.4 | D5: 0.776
A6: 500 | B6: 0.288 | C6: 375.3 | D6: 0.768
A7: 600 | B7: 0.286 | C7: 375.3 | D7: 0.76
A8: 700 | B8: 0.282 | C8: 375.4 | D8: 0.752
A9: 800 | B9: 0.278 | C9: 375.2 | D9: 0.744
A10: 900 | B10: 0.276 | C10: 375.2 | D10: 0.736
A11: 1000 | B11: 0.278 | C11: 375.4 | D11: 0.74
A12: 1100 | B12: 0.278 | C12: 375.3 | D12: 0.74
... A3600: 359900 | B3600: 0.288 | C3600: 379.9 | D3600: 0.76

Sheet E2
A1: 0 | B1: 0.288 | C1: 379.7 | D1: 0.756
A2: 100 | B2: 0.288 | C2: 379.6 | D2: 0.76
A3: 200 | B3: 0.292 | C3: 379.6 | D3: 0.764
A4: 300 | B4: 0.292 | C4: 379.9 | D4: 0.768
A5: 400 | B5: 0.292 | C5: 379.6 | D5: 0.768
A6: 500 | B6: 0.288 | C6: 379.6 | D6: 0.756
A7: 600 | B7: 0.292 | C7: 379.7 | D7: 0.748
A8: 700 | B8: 0.282 | C8: 379.6 | D8: 0.74
A9: 800 | B9: 0.278 | C9: 379.6 | D9: 0.732
A10: 900 | B10: 0.278 | C10: 379.6 | D10: 0.732
A11: 1000 | B11: 0.282 | C11: 379.6 | D11: 0.74
A12: 1100 | B12: 0.288 | C12: 379.6 | D12: 0.744
... A3600: 359900 | B3600: 0.278 | C3600: 378.2 | D3600: 0.732

Sheet E3
A1: 0 | B1: 0.286 | C1: 378.6 | D1: 0.76
A2: 100 | B2: 0.282 | C2: 378.2 | D2: 0.748
A3: 200 | B3: 0.278 | C3: 378.3 | D3: 0.736
A4: 300 | B4: 0.276 | C4: 378.2 | D4: 0.732
A5: 400 | B5: 0.278 | C5: 378.2 | D5: 0.736
A6: 500 | B6: 0.282 | C6: 378.4 | D6: 0.744
A7: 600 | B7: 0.282 | C7: 378.3 | D7: 0.748
A8: 700 | B8: 0.314 | C8: 418.8 | D8: 0.752
A9: 800 | B9: 0.288 | C9: 378.2 | D9: 0.764
A10: 900 | B10: 0.292 | C10: 378.2 | D10: 0.768
A11: 1000 | B11: 0.292 | C11: 378.3 | D11: 0.772
A12: 1100 | B12: 0.288 | C12: 378.2 | D12: 0.764
... A3600: 359900 | B3600: 0.288 | C3600: 377.9 | D3600: 0.768

Sheet E4
A1: 0 | B1: 0.282 | C1: 377.3 | D1: 0.748
A2: 100 | B2: 0.286 | C2: 377.4 | D2: 0.752
A3: 200 | B3: 0.288 | C3: 377.5 | D3: 0.76
A4: 300 | B4: 0.288 | C4: 377.6 | D4: 0.764
A5: 400 | B5: 0.292 | C5: 377.7 | D5: 0.768
A6: 500 | B6: 0.288 | C6: 377.7 | D6: 0.764
A7: 600 | B7: 0.286 | C7: 377.6 | D7: 0.752
A8: 700 | B8: 0.282 | C8: 377.4 | D8: 0.744
A9: 800 | B9: 0.276 | C9: 377.3 | D9: 0.732
A10: 900 | B10: 0.276 | C10: 377.3 | D10: 0.732
A11: 1000 | B11: 0.278 | C11: 377.3 | D11: 0.736
A12: 1100 | B12: 0.278 | C12: 377.3 | D12: 0.74
... A3600: 359900 | B3600: 0.288 | C3600: 377.7 | D3600: 0.764

Sheet E5
A1: 0 | B1: 0.288 | C1: 377.6 | D1: 0.76
A2: 100 | B2: 0.288 | C2: 377.7 | D2: 0.744
A3: 200 | B3: 0.292 | C3: 390.2 | D3: 0.748
A4: 300 | B4: 0.292 | C4: 378.1 | D4: 0.752
A5: 400 | B5: 0.288 | C5: 377.8 | D5: 0.76
A6: 500 | B6: 0.288 | C6: 377.4 | D6: 0.764
A7: 600 | B7: 0.288 | C7: 377.4 | D7: 0.768
A8: 700 | B8: 0.292 | C8: 380.1 | D8: 0.768
A9: 800 | B9: 0.288 | C9: 377.5 | D9: 0.76
A10: 900 | B10: 0.286 | C10: 377.5 | D10: 0.752
A11: 1000 | B11: 0.282 | C11: 377.5 | D11: 0.744
A12: 1100 | B12: 0.278 | C12: 377.3 | D12: 0.736
... A3600: 359900 | B3600: 0.748 | C3600: 1068.3 | D3600: 0.7

Sheet E6
A1: 0 | B1: 0.396 | C1: 515 | D1: 0.772
A2: 100 | B2: 0.386 | C2: 514.7 | D2: 0.748
A3: 200 | B3: 0.384 | C3: 514.3 | D3: 0.744
A4: 300 | B4: 0.38 | C4: 514.1 | D4: 0.736
A5: 400 | B5: 0.374 | C5: 513.9 | D5: 0.728
A6: 500 | B6: 0.37 | C6: 513.7 | D6: 0.72
A7: 600 | B7: 0.37 | C7: 513.5 | D7: 0.72
A8: 700 | B8: 0.374 | C8: 513.2 | D8: 0.728
A9: 800 | B9: 0.376 | C9: 513.2 | D9: 0.732
A10: 900 | B10: 0.376 | C10: 513 | D10: 0.736
A11: 1000 | B11: 0.384 | C11: 512.6 | D11: 0.74
A12: 1100 | B12: 0.38 | C12: 512.6 | D12: 0.744
... A3600: 359900 | B3600: 0.286 | C3600: 388.3 | D3600: 0.768

Sheet E7
A1: 0 | B1: E6 | C1: 388.9 | D1: 0.764
A2: 100 | B2: 0.294 | C2: 388.5 | D2: 0.756
A3: 200 | B3: 0.298 | C3: 388.9 | D3: 0.748
A4: 300 | B4: 0.294 | C4: 395.9 | D4: 0.74
A5: 400 | B5: 0.286 | C5: 388.3 | D5: 0.732
A6: 500 | B6: 0.304 | C6: 424.2 | D6: 0.728
A7: 600 | B7: 0.286 | C7: 388.2 | D7: 0.736
A8: 700 | B8: 0.294 | C8: 388 | D8: 0.74
A9: 800 | B9: 0.288 | C9: 388.1 | D9: 0.744
A10: 900 | B10: 0.292 | C10: 388.1 | D10: 0.748
A11: 1000 | B11: 0.294 | C11: 388.7 | D11: 0.756
A12: 1100 | B12: 0.294 | C12: 388.3 | D12: 0.76
A13: 1200 | B13: 0.304 | C13: 388.1 | D13: 0.764
... A3600: 359900 | B3600: 0.292 | C3600: 387.1 | D3600: 0.768

Sheet E8
A1: 0 | B1: 0.286 | C1: 379.2 | D1: 0.752
A2: 100 | B2: 0.286 | C2: 378.9 | D2: 0.756
A3: 200 | B3: 0.292 | C3: 378.9 | D3: 0.768
A4: 300 | B4: 0.292 | C4: 378.8 | D4: 0.768
A5: 400 | B5: 0.292 | C5: 379 | D5: 0.772
A6: 500 | B6: 0.292 | C6: 379 | D6: 0.768
A7: 600 | B7: 0.288 | C7: 379.3 | D7: 0.76
A8: 700 | B8: 0.286 | C8: 379.2 | D8: 0.752
A9: 800 | B9: 0.288 | C9: 387.4 | D9: 0.744
A10: 900 | B10: 0.278 | C10: 378.8 | D10: 0.736
A11: 1000 | B11: 0.282 | C11: 378.8 | D11: 0.74
A12: 1100 | B12: 0.282 | C12: 378.8 | D12: 0.74
... A3600: 359900 | B3600: 0.282 | C3600: 380.1 | D3600: 0.744

Sheet E9
A1: 0 | B1: 0.292 | C1: 380.2 | D1: 0.768
A2: 100 | B2: 0.292 | C2: 380.1 | D2: 0.768
A3: 200 | B3: 0.288 | C3: 380.1 | D3: 0.756
A4: 300 | B4: 0.286 | C4: 380.2 | D4: 0.748
A5: 400 | B5: 0.282 | C5: 380.2 | D5: 0.74
A6: 500 | B6: 0.278 | C6: 380.1 | D6: 0.732
A7: 600 | B7: 0.282 | C7: 381.1 | D7: 0.736
A8: 700 | B8: 0.282 | C8: 380.2 | D8: 0.74
A9: 800 | B9: 0.282 | C9: 380.4 | D9: 0.744
A10: 900 | B10: 0.286 | C10: 380.1 | D10: 0.748
A11: 1000 | B11: 0.288 | C11: 380.2 | D11: 0.756
A12: 1100 | B12: 0.288 | C12: 380.1 | D12: 0.76
... A3600: 359900 | B3600: 0.282 | C3600: 377.8 | D3600: 0.744

Sheet E10
A1: 0 | B1: 0.286 | C1: 377.3 | D1: 0.756
A2: 100 | B2: 0.276 | C2: 377.8 | D2: 0.732
A3: 200 | B3: 0.278 | C3: 377.9 | D3: 0.736
A4: 300 | B4: 0.278 | C4: 377.7 | D4: 0.74
A5: 400 | B5: 0.278 | C5: 377.8 | D5: 0.74
A6: 500 | B6: 0.282 | C6: 377.9 | D6: 0.748
A7: 600 | B7: 0.286 | C7: 377.9 | D7: 0.752
A8: 700 | B8: 0.288 | C8: 377.8 | D8: 0.76
A9: 800 | B9: 0.288 | C9: 377.8 | D9: 0.76
A10: 900 | B10: 0.294 | C10: 413.6 | D10: 0.764
A11: 1000 | B11: 0.292 | C11: 377.8 | D11: 0.772
A12: 1100 | B12: 0.294 | C12: 377.9 | D12: 0.768
... A3600: 359900 | B3600: 0.282 | C3600: 377.4 | D3600: 0.744

Sheet E11
A1: 0 | B1: 0.292 | C1: 377.7 | D1: 0.768
A2: 100 | B2: 0.282 | C2: 377.4 | D2: 0.748
A3: 200 | B3: 0.304 | C3: 413.1 | D3: 0.736
A4: 300 | B4: 0.278 | C4: 377.3 | D4: 0.736
A5: 400 | B5: 0.278 | C5: 377.5 | D5: 0.74
A6: 500 | B6: 0.278 | C6: 377.3 | D6: 0.74
A7: 600 | B7: 0.282 | C7: 377.2 | D7: 0.748
A8: 700 | B8: 0.286 | C8: 377.3 | D8: 0.752
A9: 800 | B9: 0.288 | C9: 377.4 | D9: 0.76
A10: 900 | B10: 0.288 | C10: 378.7 | D10: 0.76
A11: 1000 | B11: 0.288 | C11: 377.3 | D11: 0.764
A12: 1100 | B12: 0.292 | C12: 377.3 | D12: 0.772
... A3600: 359900 | B3600: 0.278 | C3600: 377.1 | D3600: 0.74

Sheet E12
A1: 0 | B1: 0.288 | C1: 377.1 | D1: 0.768
A2: 100 | B2: 0.286 | C2: 377.2 | D2: 0.76
A3: 200 | B3: 0.286 | C3: 377.3 | D3: 0.752
A4: 300 | B4: 0.282 | C4: 377.1 | D4: 0.744
A5: 400 | B5: 0.278 | C5: 377.1 | D5: 0.736
A6: 500 | B6: 0.278 | C6: 377.1 | D6: 0.736
A7: 600 | B7: 0.278 | C7: 377.1 | D7: 0.74
A8: 700 | B8: 0.278 | C8: 377.2 | D8: 0.74
A9: 800 | B9: 0.282 | C9: 377.1 | D9: 0.748
A10: 900 | B10: 0.286 | C10: 377.6 | D10: 0.756
A11: 1000 | B11: 0.286 | C11: 377.1 | D11: 0.76
A12: 1100 | B12: 0.288 | C12: 377.1 | D12: 0.768
... A3600: 359900 | B3600: 0.286 | C3600: 377 | D3600: 0.76

Sheet E13
A1: 0 | B1: 0.286 | C1: 377 | D1: 0.756
A2: 100 | B2: 0.282 | C2: 377 | D2: 0.752
A3: 200 | B3: 0.282 | C3: 377 | D3: 0.772
A4: 300 | B4: 0.292 | C4: 377.3 | D4: 0.772
A5: 400 | B5: 0.288 | C5: 377 | D5: 0.764
A6: 500 | B6: 0.286 | C6: 377.1 | D6: 0.756
A7: 600 | B7: 0.282 | C7: 377 | D7: 0.748
A8: 700 | B8: 0.278 | C8: 377.2 | D8: 0.74
A9: 800 | B9: 0.278 | C9: 377 | D9: 0.74
A10: 900 | B10: 0.278 | C10: 377 | D10: 0.74
A11: 1000 | B11: 0.282 | C11: 377 | D11: 0.744
A12: 1100 | B12: 0.282 | C12: 377.1 | D12: 0.748
... A3600: 359900 | B3600: 0.282 | C3600: 376.8 | D3600: 0.748

Sheet E14
A1: 0 | B1: 0.298 | C1: 376.7 | D1: 0.788
A2: 100 | B2: 0.292 | C2: 376.8 | D2: 0.772
A3: 200 | B3: 0.288 | C3: 377 | D3: 0.768
A4: 300 | B4: 0.286 | C4: 377.1 | D4: 0.76
A5: 400 | B5: 0.282 | C5: 377.2 | D5: 0.748
A6: 500 | B6: 0.278 | C6: 377.2 | D6: 0.74
A7: 600 | B7: 0.302 | C7: 413 | D7: 0.732
A8: 700 | B8: 0.278 | C8: 376.9 | D8: 0.74
A9: 800 | B9: 0.282 | C9: 376.9 | D9: 0.744
A10: 900 | B10: 0.282 | C10: 376.8 | D10: 0.744
A11: 1000 | B11: 0.282 | C11: 378.5 | D11: 0.752
A12: 1100 | B12: 0.286 | C12: 382.8 | D12: 0.756
... A3600: 359900 | B3600: 0.292 | C3600: 377.5 | D3600: 0.772

Sheet E15
A1: 0 | B1: 0.292 | C1: 385.9 | D1: 0.772
A2: 100 | B2: 0.292 | C2: 379.1 | D2: 0.768
A3: 200 | B3: 0.286 | C3: 377.7 | D3: 0.756
A4: 300 | B4: 0.282 | C4: 377.7 | D4: 0.748
A5: 400 | B5: 0.278 | C5: 377.6 | D5: 0.74
A6: 500 | B6: 0.278 | C6: 386.1 | D6: 0.736
A7: 600 | B7: 0.278 | C7: 377.5 | D7: 0.74
A8: 700 | B8: 0.282 | C8: 377.5 | D8: 0.744
A9: 800 | B9: 0.282 | C9: 377.6 | D9: 0.748
A10: 900 | B10: 0.286 | C10: 377.6 | D10: 0.752
A11: 1000 | B11: 0.286 | C11: 385.8 | D11: 0.756
A12: 1100 | B12: 0.288 | C12: 387.7 | D12: 0.76
... A3600: 359900 | B3600: 0.288 | C3600: 377.2 | D3600: 0.768

Sheet E16
A1: 0 | B1: 0.288 | C1: 377.5 | D1: 0.768
A2: 100 | B2: 0.286 | C2: 377.6 | D2: 0.76
A3: 200 | B3: 0.286 | C3: 377.7 | D3: 0.756
A4: 300 | B4: 0.282 | C4: 377.6 | D4: 0.744
A5: 400 | B5: 0.286 | C5: 377.2 | D5: 0.736
A6: 500 | B6: 0.278 | C6: 377.2 | D6: 0.74
A7: 600 | B7: 0.282 | C7: 379 | D7: 0.744
A8: 700 | B8: 0.282 | C8: 377.3 | D8: 0.744
A9: 800 | B9: 0.282 | C9: 377.3 | D9: 0.732
A10: 900 | B10: 0.294 | C10: 377.3 | D10: 0.736
A11: 1000 | B11: 0.286 | C11: 377.2 | D11: 0.74
A12: 1100 | B12: 0.282 | C12: 377.8 | D12: 0.744
... A3600: 359900 | B3600: 0.318 | C3600: 432.4 | D3600: 0.768

Sheet E17
A1: 0 | B1: 0.328 | C1: 429.9 | D1: 0.764
A2: 100 | B2: 0.328 | C2: 430 | D2: 0.76
A3: 200 | B3: 0.322 | C3: 429.6 | D3: 0.748
A4: 300 | B4: 0.288 | C4: 387.3 | D4: 0.744
A5: 400 | B5: 0.278 | C5: 377.1 | D5: 0.736
A6: 500 | B6: 0.276 | C6: 377.2 | D6: 0.732
A7: 600 | B7: 0.278 | C7: 377.2 | D7: 0.736
A8: 700 | B8: 0.278 | C8: 377.2 | D8: 0.74
A9: 800 | B9: 0.286 | C9: 385.2 | D9: 0.744
A10: 900 | B10: 0.286 | C10: 377.4 | D10: 0.752
A11: 1000 | B11: 0.286 | C11: 412.9 | D11: 0.756
A12: 1100 | B12: 0.292 | C12: 377.1 | D12: 0.764
... A3600: 359900 | B3600: 0.278 | C3600: 377.5 | D3600: 0.736

Sheet E18
A1: 0 | B1: 0.292 | C1: 377.8 | D1: 0.772
A2: 100 | B2: 0.286 | C2: 379.1 | D2: 0.752
A3: 200 | B3: 0.282 | C3: 413.6 | D3: 0.74
A4: 300 | B4: 0.286 | C4: 377.9 | D4: 0.736
A5: 400 | B5: 0.278 | C5: 377.9 | D5: 0.74
A6: 500 | B6: 0.282 | C6: 377.4 | D6: 0.744
A7: 600 | B7: 0.282 | C7: 388.6 | D7: 0.748
A8: 700 | B8: 0.286 | C8: 377.5 | D8: 0.752
A9: 800 | B9: 0.286 | C9: 377.5 | D9: 0.756
A10: 900 | B10: 0.288 | C10: 377.5 | D10: 0.764
A11: 1000 | B11: 0.288 | C11: 377.5 | D11: 0.768
A12: 1100 | B12: 0.292 | C12: 396.2 | D12: 0.768
... A3600: 359900 | B3600: 0.292 | C3600: 377.8 | D3600: 0.768

Sheet E19
A1: 0 | B1: 0.286 | C1: 377.4 | D1: 0.756
A2: 100 | B2: 0.288 | C2: 377.5 | D2: 0.768
A3: 200 | B3: 0.292 | C3: 377.5 | D3: 0.772
A4: 300 | B4: 0.292 | C4: 377.5 | D4: 0.772
A5: 400 | B5: 0.288 | C5: 377.5 | D5: 0.764
A6: 500 | B6: 0.288 | C6: 380 | D6: 0.756
A7: 600 | B7: 0.282 | C7: 377.5 | D7: 0.744
A8: 700 | B8: 0.278 | C8: 377.5 | D8: 0.736
A9: 800 | B9: 0.278 | C9: 377.5 | D9: 0.74
A10: 900 | B10: 0.282 | C10: 377.5 | D10: 0.744
A11: 1000 | B11: 0.288 | C11: 386 | D11: 0.744
A12: 1100 | B12: 0.282 | C12: 377.6 | D12: 0.748
... A3600: 359900 | B3600: 0.288 | C3600: 377.6 | D3600: 0.768

Sheet E20
A1: 0 | B1: 0.288 | C1: 377.5 | D1: 0.748
A2: 100 | B2: 0.286 | C2: 377.3 | D2: 0.752
A3: 200 | B3: 0.288 | C3: 377.6 | D3: 0.76
A4: 300 | B4: 0.288 | C4: 377.6 | D4: 0.764
A5: 400 | B5: 0.292 | C5: 377.6 | D5: 0.768
A6: 500 | B6: 0.292 | C6: 377.7 | D6: 0.768
A7: 600 | B7: 0.288 | C7: 377.4 | D7: 0.76
A8: 700 | B8: 0.286 | C8: 377.3 | D8: 0.752
A9: 800 | B9: 0.282 | C9: 377.5 | D9: 0.744
A10: 900 | B10: 0.278 | C10: 377.4 | D10: 0.736
A11: 1000 | B11: 0.276 | C11: 377.4 | D11: 0.732
A12: 1100 | B12: 0.278 | C12: 377.3 | D12: 0.736
... A3600: 359900 | B3600: 0.288 | C3600: 390.7 | D3600: 0.736

Sheet E21
A1: 0 | B1: 0.282 | C1: 379.3 | D1: 0.74
A2: 100 | B2: 0.278 | C2: 379 | D2: 0.736
A3: 200 | B3: 0.282 | C3: 378.8 | D3: 0.74
A4: 300 | B4: 0.282 | C4: 378.9 | D4: 0.74
A5: 400 | B5: 0.282 | C5: 379 | D5: 0.748
A6: 500 | B6: 0.286 | C6: 378.9 | D6: 0.752
A7: 600 | B7: 0.286 | C7: 379 | D7: 0.756
A8: 700 | B8: 0.314 | C8: 414.6 | D8: 0.756
A9: 800 | B9: 0.298 | C9: 378.8 | D9: 0.764
A10: 900 | B10: 0.292 | C10: 378.7 | D10: 0.768
A11: 1000 | B11: 0.288 | C11: 378.8 | D11: 0.764
A12: 1100 | B12: 0.286 | C12: 378.8 | D12: 0.756
... A3600: 359900 | B3600: 0.304 | C3600: 379.4 | D3600: 0.768
